title,body,created_at
fuggin wanker,will do your bidding when ever you want,2017-04-19 04:57:19
fuggin wanker,will do your bidding when ever you want,2017-04-19 04:57:20
fuggin wanker,will do your bidding when ever you want,2017-04-19 04:57:34
fuggin wanker,will do your bidding when ever you want,2017-04-19 04:57:54
fuggin wanker,will do your bidding when ever you want,2017-04-19 04:57:55
fuggin wanker,will do your bidding when ever you want,2017-04-19 04:57:54
fuggin wanker,will do your bidding when ever you want,2017-04-19 04:57:23
fuggin wanker,will do your bidding when ever you want,2017-04-19 04:57:45
fuggin wanker,will do your bidding when ever you want,2017-04-19 04:57:54
